8.000000000000000000e+00,7.917752265930174671e-01,7.900895476341246448e-01,3.418749868869780384e-01,3.373917639255524237e-01,4.499008953571321245e-01,4.526977837085723877e-01
9.000000000000000000e+00,7.792747616767885521e-01,7.851561903953550026e-01,3.352381289005279541e-01,3.357314169406890869e-01,4.440369606018065851e-01,4.494243860244752087e-01
1.000000000000000000e+01,7.831709384918208450e-01,7.897092700004576526e-01,3.370322287082672119e-01,3.388699889183044434e-01,4.461382329463958740e-01,4.508414268493651789e-01
1.100000000000000000e+01,7.767031788825985439e-01,7.705968022346495472e-01,3.351435661315917414e-01,3.289752900600433350e-01,4.415585100650785688e-01,4.416213035583495539e-01
1.200000000000000000e+01,7.686466574668883167e-01,7.713363766670227051e-01,3.306612968444824774e-01,3.295528590679168701e-01,4.379856884479522705e-01,4.417829513549805243e-01
1.300000000000000000e+01,7.737680077552795410e-01,7.639486193656922497e-01,3.364605009555817206e-01,3.259335756301880438e-01,4.373077154159544788e-01,4.380145967006681684e-01
1.400000000000000000e+01,7.651709318161009632e-01,7.610275745391843483e-01,3.270981013774872381e-01,3.249263167381286621e-01,4.380736649036409136e-01,4.361007511615753174e-01
1.500000000000000000e+01,7.661937475204465553e-01,7.638869285583496094e-01,3.279950916767120361e-01,3.253278434276580811e-01,4.381977915763856091e-01,4.385601282119750977e-01
1.600000000000000000e+01,7.678664326667785645e-01,7.600905299186706543e-01,3.307054042816162109e-01,3.240422308444976252e-01,4.371626973152160645e-01,4.360494613647460938e-01
1.700000000000000000e+01,7.645714879035948597e-01,7.586149573326111950e-01,3.299610316753387451e-01,3.238172829151153564e-01,4.346106052398681641e-01,4.347988963127136230e-01
1.800000000000000000e+01,7.592291831970211513e-01,7.576170563697816052e-01,3.252493441104888916e-01,3.231156468391416792e-01,4.339809715747833252e-01,4.345021247863769531e-01
1.900000000000000000e+01,7.540075182914732776e-01,7.568521499633789062e-01,3.222051560878753662e-01,3.222414255142211914e-01,4.318011105060575727e-01,4.346077144145965576e-01
2.000000000000000000e+01,7.603496909141540527e-01,7.555900216102600098e-01,3.251489400863647461e-01,3.214166760444640558e-01,4.352009296417235773e-01,4.341727197170258123e-01
2.100000000000000000e+01,7.582293748855587490e-01,7.586587667465211071e-01,3.242528736591340222e-01,3.229705095291137695e-01,4.339770078659058172e-01,4.356912374496459961e-01
2.200000000000000000e+01,7.593359351158143200e-01,7.574530839920045056e-01,3.256779015064239502e-01,3.221428692340850275e-01,4.336575269699097235e-01,4.353111088275908869e-01
2.300000000000000000e+01,7.509479522705078125e-01,7.573189735412595436e-01,3.213478922843933105e-01,3.219959735870360773e-01,4.296009540557860773e-01,4.353216886520385742e-01
2.400000000000000000e+01,7.579936981201169655e-01,7.594262957572938122e-01,3.286093473434448242e-01,3.242212831974029541e-01,4.293865263462066650e-01,4.352048039436339777e-01
2.500000000000000000e+01,7.566944360733032227e-01,7.534528374671936035e-01,3.256710469722747803e-01,3.207945227622984730e-01,4.310241341590880237e-01,4.326586127281188965e-01
2.600000000000000000e+01,7.570709586143491432e-01,7.521005868911743164e-01,3.238095343112945557e-01,3.203919529914855402e-01,4.332616329193115234e-01,4.317073225975037176e-01
2.700000000000000000e+01,7.534466981887818493e-01,7.540868520736694336e-01,3.238241672515869141e-01,3.218252658843994141e-01,4.296248853206633411e-01,4.322604835033416748e-01
2.800000000000000000e+01,7.564153671264648438e-01,7.516840696334835537e-01,3.245424032211303711e-01,3.203451633453369141e-01,4.318724870681762695e-01,4.313381910324096680e-01
2.900000000000000000e+01,7.512185573577883080e-01,7.506301403045655407e-01,3.221518695354461670e-01,3.194668591022491455e-01,4.290673136711120605e-01,4.311635196208952747e-01
3.000000000000000000e+01,7.553955316543579102e-01,7.466815114021299049e-01,3.253564834594726562e-01,3.182439208030701239e-01,4.300375878810882568e-01,4.284383356571197510e-01
3.100000000000000000e+01,7.587758302688598633e-01,7.497750520706174537e-01,3.266614377498626709e-01,3.201974034309387762e-01,4.321152567863463245e-01,4.295789003372191828e-01
3.200000000000000000e+01,7.569360733032225452e-01,7.449719905853271484e-01,3.257872164249420166e-01,3.169482350349426270e-01,4.311501979827880859e-01,4.280234873294829767e-01
3.300000000000000000e+01,7.459607720375059925e-01,7.474415898323059082e-01,3.172848224639892578e-01,3.182624578475952148e-01,4.286765158176423229e-01,4.291808009147644043e-01
3.400000000000000000e+01,7.539302706718444824e-01,7.448197603225709118e-01,3.239372670650482178e-01,3.174279332160950262e-01,4.299920797348022461e-01,4.273914694786072332e-01
3.500000000000000000e+01,7.500591874122618519e-01,7.453903555870056152e-01,3.224561214447021484e-01,3.179661929607391357e-01,4.276049137115479071e-01,4.274239540100097656e-01
3.600000000000000000e+01,7.502897977828979492e-01,7.455514669418336071e-01,3.219349384307860773e-01,3.173121511936187744e-01,4.283549487590789795e-01,4.282379150390623890e-01
3.700000000000000000e+01,7.536886334419250488e-01,7.436149120330810547e-01,3.250995278358459473e-01,3.169138431549072266e-01,4.285891056060791016e-01,4.266998767852783758e-01
3.800000000000000000e+01,7.563028931617741257e-01,7.429195642471313477e-01,3.254837393760681152e-01,3.167311549186706543e-01,4.308158159255980890e-01,4.261885881423950195e-01
3.900000000000000000e+01,7.495648264884946510e-01,7.431789636611937366e-01,3.211320936679840088e-01,3.165703713893890381e-01,4.284338653087615967e-01,4.266079962253570557e-01
4.000000000000000000e+01,7.573751211166380726e-01,7.409553527832031250e-01,3.262357115745544434e-01,3.153733313083648682e-01,4.311400651931762695e-01,4.255807995796204168e-01
4.100000000000000000e+01,7.489212751388549805e-01,7.474275827407839135e-01,3.205945193767548163e-01,3.216908872127532959e-01,4.283264577388761762e-01,4.257360994815825861e-01
4.200000000000000000e+01,7.466654181480406605e-01,7.504017353057861328e-01,3.190889060497283936e-01,3.222027122974395752e-01,4.275765120983123779e-01,4.281988143920896772e-01
4.300000000000000000e+01,7.466141581535340466e-01,7.430150508880614124e-01,3.194994926452637274e-01,3.167211115360260010e-01,4.271153211593627930e-01,4.262938201427460272e-01
4.400000000000000000e+01,7.470411062240599476e-01,7.411369681358337402e-01,3.196896612644196112e-01,3.159308135509490412e-01,4.273525774478911798e-01,4.252065420150756836e-01
4.500000000000000000e+01,7.480139732360835403e-01,7.458649873733518287e-01,3.202762305736541748e-01,3.196085691452025257e-01,4.277367591857911266e-01,4.262571632862092175e-01
4.600000000000000000e+01,7.505969405174254261e-01,7.502083778381347656e-01,3.219081759452819824e-01,3.225324153900146484e-01,4.286882877349853516e-01,4.276750683784484863e-01
4.700000000000000000e+01,7.488010525703430176e-01,7.466018795967103161e-01,3.207952678203582764e-01,3.214992880821228027e-01,4.280051290988921564e-01,4.251025021076200727e-01
4.800000000000000000e+01,7.481551766395568848e-01,7.419236898422241211e-01,3.214618563652038574e-01,3.173579871654509388e-01,4.266929924488068182e-01,4.245660901069641113e-01
4.900000000000000000e+01,7.445043325424193226e-01,7.490357160568237305e-01,3.189301192760468084e-01,3.224239945411682129e-01,4.255726933479309082e-01,4.266111254692077637e-01
5.000000000000000000e+01,7.461816072463987037e-01,7.466970682144165039e-01,3.194898664951323908e-01,3.202442824840545654e-01,4.266923666000366211e-01,4.264531135559081476e-01
5.100000000000000000e+01,7.443061470985411487e-01,7.482250928878784180e-01,3.183967769145965576e-01,3.214869797229766846e-01,4.259113073348999023e-01,4.267399609088897705e-01
5.200000000000000000e+01,7.474911808967590332e-01,7.461863756179808460e-01,3.200935125350951593e-01,3.194817900657653809e-01,4.273976087570188764e-01,4.267045557498931885e-01
5.300000000000000000e+01,7.449080348014830433e-01,7.482395768165587269e-01,3.192880153656005859e-01,3.219484984874724787e-01,4.256209135055541992e-01,4.262915253639220636e-01
5.400000000000000000e+01,7.419071197509763405e-01,7.388420104980466530e-01,3.167928457260131836e-01,3.135810196399689276e-01,4.251147806644440252e-01,4.252612590789792701e-01
5.500000000000000000e+01,7.465898990631103516e-01,7.552224993705747291e-01,3.197919428348541260e-01,3.248621225357056219e-01,4.267970025539398748e-01,4.303609132766724188e-01
5.600000000000000000e+01,7.454874515533446155e-01,7.456899881362916149e-01,3.194452524185181219e-01,3.200006186962128241e-01,4.260416924953460693e-01,4.256891906261444092e-01
5.700000000000000000e+01,7.440316081047058105e-01,7.490580081939698376e-01,3.189644217491149347e-01,3.212508857250214178e-01,4.250676631927489679e-01,4.278068542480468750e-01
5.800000000000000000e+01,7.451124191284177467e-01,7.448787689208984375e-01,3.194994032382964533e-01,3.184269964694976252e-01,4.256132841110227827e-01,4.264506101608275812e-01
5.900000000000000000e+01,7.422757148742673561e-01,7.415872216224671520e-01,3.174550831317901611e-01,3.167425394058228094e-01,4.248197972774505615e-01,4.248448610305785578e-01
6.000000000000000000e+01,7.415746450424193226e-01,7.465650439262390137e-01,3.167622983455656849e-01,3.201196789741516113e-01,4.248145818710327148e-01,4.264453351497650146e-01
6.100000000000000000e+01,7.432033419609068714e-01,7.422811388969421387e-01,3.183822035789489746e-01,3.195540308952331543e-01,4.248210191726685125e-01,4.227271676063538153e-01
6.200000000000000000e+01,7.403308749198912464e-01,7.453574538230898217e-01,3.161166012287139893e-01,3.196926712989808239e-01,4.242141246795654297e-01,4.256651699542999268e-01
6.300000000000000000e+01,7.407281398773194470e-01,7.379661798477169521e-01,3.165903091430663507e-01,3.148321211338043213e-01,4.241380095481872559e-01,4.231336116790769819e-01
6.400000000000000000e+01,7.421203851699827991e-01,7.362728714942931019e-01,3.173714578151702881e-01,3.145474195480346125e-01,4.247491657733917236e-01,4.217251539230345569e-01
6.500000000000000000e+01,7.427117228507994495e-01,7.384870648384095349e-01,3.177781999111175537e-01,3.149808943271636408e-01,4.249333441257476807e-01,4.235059916973113459e-01
6.600000000000000000e+01,7.436797022819519043e-01,7.440567016601562500e-01,3.183978497982025146e-01,3.205733597278594416e-01,4.252784252166748047e-01,4.234830141067503773e-01
6.700000000000000000e+01,7.457364797592164196e-01,7.395846247673033558e-01,3.200976252555847168e-01,3.172406554222106934e-01,4.256404042243959185e-01,4.223447740077972412e-01
6.800000000000000000e+01,7.420856952667236328e-01,7.375851273536681019e-01,3.179047107696532648e-01,3.154867589473723810e-01,4.241811037063599743e-01,4.220982491970062256e-01
6.900000000000000000e+01,7.412485480308530494e-01,7.449081540107725941e-01,3.175964057445526123e-01,3.202569186687469482e-01,4.236511886119842529e-01,4.246510863304137628e-01
7.000000000000000000e+01,7.403727173805233486e-01,7.411274909973144531e-01,3.168506920337677002e-01,3.181760907173156738e-01,4.235233366489408735e-01,4.229513704776763916e-01
7.100000000000000000e+01,7.405921220779418945e-01,7.465682625770573289e-01,3.170466423034667969e-01,3.207506239414215088e-01,4.235464036464691162e-01,4.258171617984771729e-01
7.200000000000000000e+01,7.413246631622313343e-01,7.396351099014282227e-01,3.167542219161987860e-01,3.172177672386168878e-01,4.245712161064147949e-01,4.224166572093964178e-01
7.300000000000000000e+01,7.409511804580686256e-01,7.412309646606445312e-01,3.175081312656402588e-01,3.180745244026183527e-01,4.234417676925659180e-01,4.231554269790649414e-01
7.400000000000000000e+01,7.376599907875059925e-01,7.360702157020571068e-01,3.151133954524993341e-01,3.137885034084320068e-01,4.225458204746246338e-01,4.222815930843353271e-01
7.500000000000000000e+01,7.419635653495788574e-01,7.427454590797426537e-01,3.176814913749694269e-01,3.174555599689484198e-01,4.242813587188720703e-01,4.252893924713135321e-01
7.600000000000000000e+01,7.408167123794554554e-01,7.430830001831052467e-01,3.170270621776580811e-01,3.194041550159454346e-01,4.237908124923705500e-01,4.236781895160675049e-01
7.700000000000000000e+01,7.404713630676269531e-01,7.429055571556091309e-01,3.177825510501861017e-01,3.181632161140440784e-01,4.226885139942169189e-01,4.247422516345977228e-01
7.800000000000000000e+01,7.402865886688232422e-01,7.401860952377318226e-01,3.168403208255768377e-01,3.163927793502808727e-01,4.234457015991209272e-01,4.237933158874512274e-01
7.900000000000000000e+01,7.394986152648922451e-01,7.384991049766540527e-01,3.165181279182434082e-01,3.150844871997833252e-01,4.229779243469238281e-01,4.234141409397125244e-01
8.000000000000000000e+01,7.382758855819702148e-01,7.410864830017090954e-01,3.156557679176330011e-01,3.173225522041320801e-01,4.226183891296386719e-01,4.237645864486694336e-01
8.100000000000000000e+01,7.380648851394652210e-01,7.388246655464173474e-01,3.155890703201293390e-01,3.180443048477171741e-01,4.224762916564940851e-01,4.207802414894105114e-01
8.200000000000000000e+01,7.385429739952087402e-01,7.346246838569641113e-01,3.156438767910004217e-01,3.132863044738769531e-01,4.228994846343993586e-01,4.213377833366393488e-01
8.300000000000000000e+01,7.354134917259214088e-01,7.420825362205505371e-01,3.132614493370055597e-01,3.170048296451568604e-01,4.221526682376861572e-01,4.250787496566772461e-01
8.400000000000000000e+01,7.390680909156799316e-01,7.345349788665771484e-01,3.163430988788604736e-01,3.126571774482727051e-01,4.227258563041687012e-01,4.218774139881134033e-01
8.500000000000000000e+01,7.384700775146483265e-01,7.362069487571715198e-01,3.157457411289216198e-01,3.153863847255706787e-01,4.227244257926940918e-01,4.208209514617919922e-01
8.600000000000000000e+01,7.403991222381590687e-01,7.417541742324827991e-01,3.171241581439971924e-01,3.188053667545318604e-01,4.232760965824127752e-01,4.229488372802733265e-01
8.700000000000000000e+01,7.425624728202816494e-01,7.370351552963259056e-01,3.181570470333099365e-01,3.167807161808013361e-01,4.244050681591032825e-01,4.202541708946228027e-01
8.800000000000000000e+01,7.374562621116639294e-01,7.352745532989503063e-01,3.156665563583374023e-01,3.146077692508696955e-01,4.217901825904846191e-01,4.206674098968504749e-01
8.900000000000000000e+01,7.378395795822143555e-01,7.356845736503602184e-01,3.161166310310363770e-01,3.152503669261931818e-01,4.217235445976256769e-01,4.204347133636473499e-01
9.000000000000000000e+01,7.378492355346675247e-01,7.382568120956416458e-01,3.155224323272704523e-01,3.169081509113311768e-01,4.223254323005676270e-01,4.213485121726989746e-01
9.100000000000000000e+01,7.376613020896910511e-01,7.474918365478514515e-01,3.159123957157135565e-01,3.211283981800079346e-01,4.217473268508912243e-01,4.263629019260406494e-01
9.200000000000000000e+01,7.368626594543457031e-01,7.389933466911315918e-01,3.145805299282072864e-01,3.172701001167297363e-01,4.222827255725861151e-01,4.217224419116972767e-01
9.300000000000000000e+01,7.382193207740781471e-01,7.375434637069702148e-01,3.160813152790068470e-01,3.166474401950836182e-01,4.221402108669279896e-01,4.208960235118865967e-01
9.400000000000000000e+01,7.360662817955018200e-01,7.326416969299315296e-01,3.148069679737091064e-01,3.116814792156219482e-01,4.212595522403717041e-01,4.209604561328888495e-01
9.500000000000000000e+01,7.367548942565919079e-01,7.423536777496339001e-01,3.146383762359619141e-01,3.170071244239808239e-01,4.221155047416688122e-01,4.253467619419096790e-01
9.600000000000000000e+01,7.385006546974182129e-01,7.410478591918945312e-01,3.163354098796843927e-01,3.183256089687347967e-01,4.221633672714232843e-01,4.227228164672852118e-01
9.700000000000000000e+01,7.369869947433470569e-01,7.353974580764769398e-01,3.156362175941466730e-01,3.149168789386749268e-01,4.213490784168241743e-01,4.204811155796051025e-01
9.800000000000000000e+01,7.372803092002867542e-01,7.442839741706848145e-01,3.155192732810974121e-01,3.188979625701903742e-01,4.217605292797088623e-01,4.253858625888824463e-01
9.900000000000000000e+01,7.363753318786621094e-01,7.356422543525695801e-01,3.155279159545896772e-01,3.131724894046783447e-01,4.208469688892365057e-01,4.224694073200224720e-01
1.000000000000000000e+02,7.349462509155274548e-01,7.371941804885864258e-01,3.134289085865020752e-01,3.151918649673461914e-01,4.215168952941895086e-01,4.220013618469238281e-01
1.010000000000000000e+02,7.350091338157656029e-01,7.379660010337828480e-01,3.141746520996093750e-01,3.166196942329406738e-01,4.208344817161561169e-01,4.213466346263884943e-01
1.020000000000000000e+02,7.365311980247497559e-01,7.341094613075256348e-01,3.150737285614013672e-01,3.143375515937805176e-01,4.214595854282380261e-01,4.197716712951660156e-01
1.030000000000000000e+02,7.319193482398985706e-01,7.359948158264160156e-01,3.113185167312622070e-01,3.147875964641571045e-01,4.205968081951140802e-01,4.212075471878051758e-01
1.040000000000000000e+02,7.359879612922668457e-01,7.308354973793025344e-01,3.148074746131896973e-01,3.105515837669372003e-01,4.211804866790769819e-01,4.202837347984313410e-01
1.050000000000000000e+02,7.358776926994321510e-01,7.340872883796689674e-01,3.146673142910004217e-01,3.146996796131134033e-01,4.212099313735960804e-01,4.193869233131408691e-01
1.060000000000000000e+02,7.371284365653989479e-01,7.356476187705993652e-01,3.155696690082550049e-01,3.158386349678039551e-01,4.215599894523621161e-01,4.198100268840789795e-01
1.070000000000000000e+02,7.389466762542723499e-01,7.323771119117736816e-01,3.163412809371948242e-01,3.140993714332580566e-01,4.226057231426240124e-01,4.182785153388975941e-01
1.080000000000000000e+02,7.355056405067441627e-01,7.407159805297850452e-01,3.144984543323516846e-01,3.181925117969512939e-01,4.210058152675629217e-01,4.225232601165771484e-01
1.090000000000000000e+02,7.349911332130432129e-01,7.309780716896058239e-01,3.149555921554564875e-01,3.129433095455169678e-01,4.200358092784882147e-01,4.180351495742796741e-01
1.100000000000000000e+02,7.355769872665405273e-01,7.444805502891539417e-01,3.148345053195953369e-01,3.188780844211577259e-01,4.207416176795961138e-01,4.256026446819305420e-01
1.110000000000000000e+02,7.347893118858337402e-01,7.374800443649293102e-01,3.144251406192779541e-01,3.158195018768310547e-01,4.203671813011169434e-01,4.216608703136444092e-01
1.120000000000000000e+02,7.347735762596129261e-01,7.390492558479309082e-01,3.139010071754455566e-01,3.189141750335693359e-01,4.208729267120360773e-01,4.201350212097167969e-01
1.130000000000000000e+02,7.362435460090637207e-01,7.338638305664062500e-01,3.149291872978210449e-01,3.138823211193085272e-01,4.213158488273620605e-01,4.199827909469605047e-01
1.140000000000000000e+02,7.333271503448486328e-01,7.335230708122253418e-01,3.136082291603088379e-01,3.126717805862426758e-01,4.197193086147307794e-01,4.208513498306272749e-01
1.150000000000000000e+02,7.329514622688293457e-01,7.353334426879881702e-01,3.127926588058471680e-01,3.129221498966217041e-01,4.201581776142119251e-01,4.224108457565308172e-01
1.160000000000000000e+02,7.349519133567808948e-01,7.510425448417662464e-01,3.142700195312500000e-01,3.228489458560944159e-01,4.206799268722534735e-01,4.281937181949616034e-01
1.170000000000000000e+02,7.354950308799742542e-01,7.337312698364260033e-01,3.154362440109252930e-01,3.152474761009216309e-01,4.200583398342132568e-01,4.184843599796295166e-01
1.180000000000000000e+02,7.346593141555786133e-01,7.352992892265316494e-01,3.140048384666442871e-01,3.146235346794128418e-01,4.206527471542358398e-01,4.206764101982117254e-01
1.190000000000000000e+02,7.340281009674072266e-01,7.315635085105895996e-01,3.147835135459899902e-01,3.108242750167846680e-01,4.192435145378112238e-01,4.207387268543243408e-01
1.200000000000000000e+02,7.333485484123231091e-01,7.349687814712525524e-01,3.128114044666290283e-01,3.142417371273040771e-01,4.205365180969238281e-01,4.207277894020080566e-01
1.210000000000000000e+02,7.324743270874022327e-01,7.330535054206848145e-01,3.126279115676879883e-01,3.140681087970733643e-01,4.198461174964904785e-01,4.189855158329010010e-01
1.220000000000000000e+02,7.337530851364133522e-01,7.343016266822816052e-01,3.137405812740325928e-01,3.149916827678680420e-01,4.200114011764525257e-01,4.193096756935120184e-01
1.230000000000000000e+02,7.316943407058715820e-01,7.343547344207761451e-01,3.118657767772674561e-01,3.139995634555817206e-01,4.198281764984129749e-01,4.203549623489379883e-01
1.240000000000000000e+02,7.313159704208374023e-01,7.290218472480773926e-01,3.120404481887816828e-01,3.100509047508239746e-01,4.192766249179840088e-01,4.189700484275816761e-01
1.250000000000000000e+02,7.345163822174072266e-01,7.293211817741394043e-01,3.146231174468994141e-01,3.108118176460266113e-01,4.198929965496063232e-01,4.185095131397247314e-01
1.260000000000000000e+02,7.336326241493225098e-01,7.351839542388914905e-01,3.132206201553344727e-01,3.143036663532256525e-01,4.204129874706267755e-01,4.208806753158568781e-01
1.270000000000000000e+02,7.372959852218629040e-01,7.378273010253906250e-01,3.157245516777038019e-01,3.191639184951782227e-01,4.215723872184753973e-01,4.186642765998840332e-01
1.280000000000000000e+02,7.337149381637573242e-01,7.345664501190185547e-01,3.137095272541046143e-01,3.150534033775329590e-01,4.200061857700347900e-01,4.195129871368408758e-01
1.290000000000000000e+02,7.340730428695678711e-01,7.299867272377014160e-01,3.151386082172393244e-01,3.128034472465516247e-01,4.189336299896240234e-01,4.171833693981170654e-01
1.300000000000000000e+02,7.330307960510253906e-01,7.356516718864442028e-01,3.135750293731688898e-01,3.156689405441284180e-01,4.194552302360535223e-01,4.199823141098022461e-01
1.310000000000000000e+02,7.327341437339779384e-01,7.344846129417420544e-01,3.132287263870239258e-01,3.148342072963714600e-01,4.195042252540587824e-01,4.196507334709168036e-01
1.320000000000000000e+02,7.313966751098637253e-01,7.337424755096435547e-01,3.124818205833435059e-01,3.146604597568511963e-01,4.189156293869017444e-01,4.190813302993772749e-01
1.330000000000000000e+02,7.342951893806457520e-01,7.338708043098449707e-01,3.137156963348389227e-01,3.152296543121336780e-01,4.205797314643859863e-01,4.186407625675201416e-01
1.340000000000000000e+02,7.328490614891053356e-01,7.314563393592833362e-01,3.136611878871917725e-01,3.118696808815000776e-01,4.191864728927611750e-01,4.195870757102966309e-01
1.350000000000000000e+02,7.294852137565612793e-01,7.281589508056639515e-01,3.110946416854856733e-01,3.095345199108123779e-01,4.183910489082335871e-01,4.186236560344697155e-01
1.360000000000000000e+02,7.339520454406738281e-01,7.454572319984434925e-01,3.140090405941009521e-01,3.208119273185729425e-01,4.199423491954801801e-01,4.246453046798706055e-01
1.370000000000000000e+02,7.334656715393065296e-01,7.348290085792540394e-01,3.142042756080627997e-01,3.160042166709899902e-01,4.192599654197692871e-01,4.188249707221983753e-01
1.380000000000000000e+02,7.327520251274108887e-01,7.323570847511291504e-01,3.132028281688690186e-01,3.127908706665040173e-01,4.195493459701537531e-01,4.195650815963744562e-01
1.390000000000000000e+02,7.321661114692686878e-01,7.284288406372070312e-01,3.137308955192565918e-01,3.091576099395751398e-01,4.184335172176361084e-01,4.192710816860198975e-01
1.400000000000000000e+02,7.316962480545043945e-01,7.323856353759763405e-01,3.121665120124816339e-01,3.133484423160552979e-01,4.195285141468048096e-01,4.190371632575988770e-01
1.410000000000000000e+02,7.310830354690547317e-01,7.349082827568054199e-01,3.124604523181914728e-01,3.135083019733428400e-01,4.186228215694425270e-01,4.213984012603759766e-01
1.420000000000000000e+02,7.312808632850648083e-01,7.338556051254272461e-01,3.122939467430114746e-01,3.162246942520141602e-01,4.189855456352232776e-01,4.176314175128936768e-01
1.430000000000000000e+02,7.292594909667966530e-01,7.300565838813779518e-01,3.106341063976287842e-01,3.117832243442535400e-01,4.186249077320097767e-01,4.182731211185455322e-01
1.440000000000000000e+02,7.311483025550842285e-01,7.257673144340516247e-01,3.123433589935302734e-01,3.080622851848601740e-01,4.188058078289031427e-01,4.177049398422240656e-01
1.450000000000000000e+02,7.319135665893553577e-01,7.291368246078491211e-01,3.130875229835510254e-01,3.114587962627410334e-01,4.188258051872252863e-01,4.176774919033049427e-01
1.460000000000000000e+02,7.316790223121645287e-01,7.283133268356324352e-01,3.125332593917846680e-01,3.107094168663024347e-01,4.191453158855438232e-01,4.176047146320343018e-01
1.470000000000000000e+02,7.356277108192447178e-01,7.384974360466003418e-01,3.149165809154509388e-01,3.187848329544067938e-01,4.207114279270172119e-01,4.197129011154175360e-01
1.480000000000000000e+02,7.333377003669736549e-01,7.336736321449278675e-01,3.138084709644317627e-01,3.146074116230010986e-01,4.195299148559569757e-01,4.190657138824464001e-01
1.490000000000000000e+02,7.321953177452086292e-01,7.237074971199034534e-01,3.138591051101684570e-01,3.087346851825714111e-01,4.183360636234283447e-01,4.149724841117857776e-01
1.500000000000000000e+02,7.298246026039123535e-01,7.396553754806518555e-01,3.120338022708892822e-01,3.186662197113037109e-01,4.177880883216856800e-01,4.209882616996765137e-01
1.510000000000000000e+02,7.320370078086853027e-01,7.311797142028806373e-01,3.130711913108825684e-01,3.129512667655944824e-01,4.189656972885131836e-01,4.182288944721221924e-01
1.520000000000000000e+02,7.298488020896910511e-01,7.297181487083437279e-01,3.115402162075042725e-01,3.121266961097716730e-01,4.183081090450287975e-01,4.175916016101837158e-01
1.530000000000000000e+02,7.312345504760742188e-01,7.311375737190245472e-01,3.122402131557465155e-01,3.134373724460601252e-01,4.189966917037963867e-01,4.177007079124450684e-01
1.540000000000000000e+02,7.319843769073486328e-01,7.370446920394897461e-01,3.134289979934692383e-01,3.166821002960205078e-01,4.185555279254912775e-01,4.203631281852722168e-01
1.550000000000000000e+02,7.281494140625000000e-01,7.216655015945433460e-01,3.104514479637144886e-01,3.053860664367675781e-01,4.176984727382659912e-01,4.162802994251251221e-01
1.560000000000000000e+02,7.328026294708251953e-01,7.405505776405334473e-01,3.135650157928466242e-01,3.186566829681396484e-01,4.192378222942351740e-01,4.218932986259461004e-01
1.570000000000000000e+02,7.314615249633789062e-01,7.316378355026245117e-01,3.129453659057616632e-01,3.136020600795744739e-01,4.185155630111693226e-01,4.180358648300169233e-01
1.580000000000000000e+02,7.320644259452817604e-01,7.280065417289733887e-01,3.134033679962158203e-01,3.108561336994171143e-01,4.186617732048034668e-01,4.171501994132996161e-01
1.590000000000000000e+02,7.304896116256713867e-01,7.277255058288575329e-01,3.126089870929718018e-01,3.091571033000946045e-01,4.178815484046937145e-01,4.185687005519864723e-01
1.600000000000000000e+02,7.298455834388735131e-01,7.327628135681152344e-01,3.113711774349213202e-01,3.137740492820739746e-01,4.184725582599640448e-01,4.189886450767517090e-01
1.610000000000000000e+02,7.291411161422729492e-01,7.322415709495544434e-01,3.111152946949005127e-01,3.133887648582456831e-01,4.180262088775634766e-01,4.188531637191773016e-01
1.620000000000000000e+02,7.302548289299011230e-01,7.278761267662048340e-01,3.119450211524963934e-01,3.125975131988525391e-01,4.183097183704376776e-01,4.152786433696745716e-01
1.630000000000000000e+02,7.285875678062440075e-01,7.317653894424438477e-01,3.107180297374724787e-01,3.136084675788879395e-01,4.178694188594817560e-01,4.181565046310424805e-01
1.640000000000000000e+02,7.289276719093321644e-01,7.257831096649171032e-01,3.112691640853880726e-01,3.087822794914246161e-01,4.176595807075501043e-01,4.170011878013609730e-01
1.650000000000000000e+02,7.298004031181335449e-01,7.251055240631103516e-01,3.116129934787750244e-01,3.084344565868377686e-01,4.181889891624450684e-01,4.166719913482665461e-01
1.660000000000000000e+02,7.309008240699768066e-01,7.251521944999694824e-01,3.122683763504027765e-01,3.098583519458770752e-01,4.186342358589171808e-01,4.152939915657041792e-01
1.670000000000000000e+02,7.339748144149779163e-01,7.308859229087827369e-01,3.140353858470916748e-01,3.133988678455352783e-01,4.199390709400175892e-01,4.174859821796416681e-01
1.680000000000000000e+02,7.318845987319946289e-01,7.302618026733399548e-01,3.129506707191467285e-01,3.136014640331268311e-01,4.189338088035584051e-01,4.166612625122070312e-01
1.690000000000000000e+02,7.314779162406922497e-01,7.264057993888856091e-01,3.136827647686004639e-01,3.108543455600738525e-01,4.177944064140319824e-01,4.155521690845490057e-01
1.700000000000000000e+02,7.284361720085144043e-01,7.326328754425051049e-01,3.114192187786102295e-01,3.142374157905578058e-01,4.170161783695219837e-01,4.183962643146513782e-01
1.710000000000000000e+02,7.302874922752381481e-01,7.290560603141782448e-01,3.121524453163146973e-01,3.116848170757293701e-01,4.181339740753173828e-01,4.173713624477384809e-01
1.720000000000000000e+02,7.285782098770140491e-01,7.324947714805604138e-01,3.110945820808410089e-01,3.140416145324707031e-01,4.174854457378385786e-01,4.184531569480895996e-01
1.730000000000000000e+02,7.319508194923405320e-01,7.288029789924620472e-01,3.127945959568024237e-01,3.119177520275115967e-01,4.191537499427793745e-01,4.168854355812072754e-01
1.740000000000000000e+02,7.294248938560485840e-01,7.342022657394409180e-01,3.121539652347565252e-01,3.149310648441314697e-01,4.172725975513458252e-01,4.192708432674407404e-01
1.750000000000000000e+02,7.266772985458374023e-01,7.238990664482113369e-01,3.097082376480102539e-01,3.069800138473510742e-01,4.169694483280181885e-01,4.169191420078279253e-01
1.760000000000000000e+02,7.314988374710083008e-01,7.381705045700073242e-01,3.128246068954467773e-01,3.168347477912902832e-01,4.186727106571197510e-01,4.213356375694272682e-01
1.770000000000000000e+02,7.306715846061706543e-01,7.326743602752685547e-01,3.124667108058929443e-01,3.142762780189514160e-01,4.182060360908507746e-01,4.183979332447052002e-01
1.780000000000000000e+02,7.292498350143430397e-01,7.275578975677490234e-01,3.121442496776580811e-01,3.105247020721435547e-01,4.171056449413300116e-01,4.170329868793488104e-01
1.790000000000000000e+02,7.308316230773923561e-01,7.274627089500429467e-01,3.127219378948212225e-01,3.096394538879394531e-01,4.181073606014252264e-01,4.178222715854644775e-01
1.800000000000000000e+02,7.281962037086486816e-01,7.293834090232850231e-01,3.108322322368621271e-01,3.111308217048645020e-01,4.173632264137268066e-01,4.182519912719728228e-01
1.810000000000000000e+02,7.276114821434020996e-01,7.323066592216491699e-01,3.102468848228454590e-01,3.137100338935852051e-01,4.173636436462400678e-01,4.185966253280640204e-01
1.820000000000000000e+02,7.295238971710205078e-01,7.286937832832334205e-01,3.119172751903533380e-01,3.136083781719207764e-01,4.176079928874969482e-01,4.150848686695097767e-01
1.830000000000000000e+02,7.272148132324217640e-01,7.279601097106931373e-01,3.099168837070464533e-01,3.107232153415679932e-01,4.172970950603485107e-01,4.172371625900269110e-01
1.840000000000000000e+02,7.273793816566467285e-01,7.256486415863037109e-01,3.103638887405396063e-01,3.087797760963439941e-01,4.170140922069549561e-01,4.168688654899597168e-01
1.850000000000000000e+02,7.287864685058591530e-01,7.229056358337402344e-01,3.110383450984954834e-01,3.077870607376098633e-01,4.177477359771728516e-01,4.151179194450376753e-01
1.860000000000000000e+02,7.295635342597962536e-01,7.305881977081298828e-01,3.115505576133728027e-01,3.121878802776336670e-01,4.180123507976531982e-01,4.184000790119171143e-01
1.870000000000000000e+02,7.308145165443420410e-01,7.314420342445373535e-01,3.123138546943664551e-01,3.137125670909881037e-01,4.185004830360413153e-01,4.177300930023192804e-01
1.880000000000000000e+02,7.328474521636964001e-01,7.276512980461119495e-01,3.140567839145659845e-01,3.119978308677672785e-01,4.187885820865632214e-01,4.156527817249298096e-01
1.890000000000000000e+02,7.293958067893983044e-01,7.255004644393918678e-01,3.118911385536192737e-01,3.103488087654113770e-01,4.175048768520355225e-01,4.151523113250732977e-01
1.900000000000000000e+02,7.286168932914732776e-01,7.291586399078369141e-01,3.116329014301300049e-01,3.132281005382536732e-01,4.169829487800599255e-01,4.159318804740905762e-01
1.910000000000000000e+02,7.284260392189028099e-01,7.264649868011473499e-01,3.110642135143280029e-01,3.120160698890686035e-01,4.173598289489746094e-01,4.144483208656311035e-01
1.920000000000000000e+02,7.268416881561279297e-01,7.304384708404541016e-01,3.098727464675903320e-01,3.128298521041870117e-01,4.169677793979644775e-01,4.176082909107207697e-01
1.930000000000000000e+02,7.271082997322081409e-01,7.234253883361816406e-01,3.104194402694702148e-01,3.075947463512421209e-01,4.166876971721648615e-01,4.158297777175903320e-01
1.940000000000000000e+02,7.278856039047242321e-01,7.230155467987059437e-01,3.107012212276458740e-01,3.074587881565093994e-01,4.171844720840455212e-01,4.155566096305847168e-01
1.950000000000000000e+02,7.290518283843994141e-01,7.251898050308227539e-01,3.114013671875000555e-01,3.098601400852203369e-01,4.176488518714904785e-01,4.153300523757936236e-01
1.960000000000000000e+02,7.321665883064270020e-01,7.288126349449155494e-01,3.131684064865112305e-01,3.125069141387940008e-01,4.189998507499695379e-01,4.163063168525695801e-01
1.970000000000000000e+02,7.300211191177368164e-01,7.294487357139587402e-01,3.121039867401123047e-01,3.130751252174376886e-01,4.179179072380064253e-01,4.163733124732971747e-01
1.980000000000000000e+02,7.296878695487976074e-01,7.237306833267213024e-01,3.128458261489868164e-01,3.089683651924132746e-01,4.168425202369688831e-01,4.147626757621765137e-01
1.990000000000000000e+02,7.265787124633789062e-01,7.307175397872921474e-01,3.105564117431641180e-01,3.132850527763366699e-01,4.160240888595581055e-01,4.174325168132780872e-01
2.000000000000000000e+02,7.285901904106140137e-01,7.287668585777280494e-01,3.113212585449218750e-01,3.118316829204559326e-01,4.172702133655548096e-01,4.169339239597321112e-01
2.010000000000000000e+02,7.237454652786254883e-01,7.231425642967224121e-01,3.085134029388427734e-01,3.099943399429320734e-01,4.152326881885529120e-01,4.131475389003753662e-01
2.020000000000000000e+02,7.218880653381347656e-01,7.255650162696838379e-01,3.072217106819152277e-01,3.102634251117705744e-01,4.146664440631864790e-01,4.153019189834594727e-01
2.030000000000000000e+02,7.220640778541567162e-01,7.187245488166807972e-01,3.077683150768280584e-01,3.046483993530273438e-01,4.142953753471376177e-01,4.140764176845552202e-01
2.040000000000000000e+02,7.227590680122374378e-01,7.182106971740721546e-01,3.079916238784790039e-01,3.048606216907501221e-01,4.147656261920927845e-01,4.133505523204801246e-01
2.050000000000000000e+02,7.239194512367246315e-01,7.222074270248411976e-01,3.087030649185181219e-01,3.083347976207732599e-01,4.152160584926605225e-01,4.138724207878112238e-01
2.060000000000000000e+02,7.269333600997923694e-01,7.256567478179930530e-01,3.104443848133088268e-01,3.111753463745117188e-01,4.164889454841613770e-01,4.144802093505857710e-01
2.070000000000000000e+02,7.247906923294067383e-01,7.246752977371212490e-01,3.093909919261931818e-01,3.105343282222747803e-01,4.153985381126403809e-01,4.141408801078795832e-01
2.080000000000000000e+02,7.245216965675354004e-01,7.203641533851623535e-01,3.102149963378906250e-01,3.071362376213073730e-01,4.143071174621582031e-01,4.132291376590728760e-01
2.090000000000000000e+02,7.212726473808287464e-01,7.267364859580992542e-01,3.078773319721221924e-01,3.118049800395965576e-01,4.133942723274230957e-01,4.149312078952788752e-01
2.100000000000000000e+02,7.227223515510559082e-01,7.244355678558348499e-01,3.083917796611784778e-01,3.095835745334624689e-01,4.143302142620087225e-01,4.148528873920441229e-01
2.110000000000000000e+02,7.220176458358764648e-01,7.258462309837340198e-01,3.076978921890258234e-01,3.108651041984558105e-01,4.143217802047730047e-01,4.149819314479827881e-01
2.120000000000000000e+02,7.254269719123840332e-01,7.233862876892089844e-01,3.094220459461212158e-01,3.087511360645294189e-01,4.160052537918089710e-01,4.146347939968109131e-01
2.130000000000000000e+02,7.227961421012878418e-01,7.271263599395751953e-01,3.086889088153840222e-01,3.120484054088592529e-01,4.141062796115875244e-01,4.150776565074921209e-01
2.140000000000000000e+02,7.201373577117919922e-01,7.172888517379760742e-01,3.063176572322845459e-01,3.031732439994812012e-01,4.138195514678956188e-01,4.141163527965545654e-01
2.150000000000000000e+02,7.249215841293336071e-01,7.321000695228575550e-01,3.094009459018707275e-01,3.135947883129119873e-01,4.155208468437193714e-01,4.185061156749724787e-01
2.160000000000000000e+02,7.241284847259521484e-01,7.242531776428222656e-01,3.090479373931884766e-01,3.097177743911744274e-01,4.150792360305785578e-01,4.145356416702272173e-01
2.170000000000000000e+02,7.228066921234130859e-01,7.231788635253906250e-01,3.087801635265350342e-01,3.082694709300994318e-01,4.140252470970153253e-01,4.149095714092255749e-01
2.180000000000000000e+02,7.246184349060057484e-01,7.220270037651062012e-01,3.094384372234344482e-01,3.067753612995148260e-01,4.151799678802489679e-01,4.152516424655913752e-01
2.190000000000000000e+02,7.217792272567749023e-01,7.237895727157590553e-01,3.075548112392424982e-01,3.079119026660919189e-01,4.142236411571503241e-01,4.158775806427000843e-01
2.200000000000000000e+02,7.212198972702026367e-01,7.242636084556579590e-01,3.069274723529816229e-01,3.095302581787108820e-01,4.142949581146240234e-01,4.147339463233947754e-01
2.210000000000000000e+02,7.230912446975708008e-01,7.235336303710937500e-01,3.085651695728302002e-01,3.103101849555968683e-01,4.145251512527465265e-01,4.132229387760160688e-01
2.220000000000000000e+02,7.209712266921997070e-01,7.236414551734925427e-01,3.066684007644653320e-01,3.082826435565947931e-01,4.143032133579255261e-01,4.153583943843841553e-01
2.230000000000000000e+02,7.210385799407960095e-01,7.207764983177185059e-01,3.071093559265136719e-01,3.061648011207580011e-01,4.139285981655119739e-01,4.146121144294738770e-01
2.240000000000000000e+02,7.226300835609436035e-01,7.189608216285705566e-01,3.078643381595611572e-01,3.061344921588897705e-01,4.147652983665465753e-01,4.128264486789702814e-01
2.250000000000000000e+02,7.231915593147276722e-01,7.191799283027648926e-01,3.083181381225585938e-01,3.059528172016143799e-01,4.148749411106109619e-01,4.132274389266968329e-01
2.260000000000000000e+02,7.246238589286803089e-01,7.268020510673522949e-01,3.091384768486022949e-01,3.121885061264038086e-01,4.154854118824005127e-01,4.146132767200469971e-01
2.270000000000000000e+02,7.266075611114501953e-01,7.222436666488646351e-01,3.108645379543304443e-01,3.088829219341278076e-01,4.157414436340332031e-01,4.133604168891906738e-01
2.280000000000000000e+02,7.232960462570190430e-01,7.205921411514281116e-01,3.088243305683135986e-01,3.072304129600524902e-01,4.144721031188964844e-01,4.133615195751190741e-01
2.290000000000000000e+02,7.225038409233093262e-01,7.237041592597962536e-01,3.085537552833556574e-01,3.097828328609464887e-01,4.139499068260191761e-01,4.139220714569091797e-01
2.300000000000000000e+02,7.214552164077758789e-01,7.236729860305786133e-01,3.077448010444640558e-01,3.098313510417938232e-01,4.137106239795684814e-01,4.138423800468444824e-01
2.310000000000000000e+02,7.224998474121091530e-01,7.289164066314698376e-01,3.083733320236206055e-01,3.121647536754608154e-01,4.141270220279693604e-01,4.167522788047792193e-01
2.320000000000000000e+02,7.235828638076782227e-01,7.232210636138916016e-01,3.080447912216184858e-01,3.094156682491302490e-01,4.155396223068236750e-01,4.138054549694060724e-01
2.330000000000000000e+02,7.232000231742857776e-01,7.249898314476013184e-01,3.088760375976562500e-01,3.098065853118896484e-01,4.143243134021760143e-01,4.151828587055206299e-01
2.340000000000000000e+02,7.226900458335875355e-01,7.231020927429198109e-01,3.082263171672820490e-01,3.086776733398436945e-01,4.144661128520966686e-01,4.144238829612731934e-01
2.350000000000000000e+02,7.226009964942931019e-01,7.230801582336423561e-01,3.082003891468048096e-01,3.086619377136230469e-01,4.144022762775421143e-01,4.144170284271239679e-01
2.360000000000000000e+02,7.224552035331726074e-01,7.228773832321166992e-01,3.081001341342926025e-01,3.085540831089019775e-01,4.143562316894531250e-01,4.143260717391967773e-01
2.370000000000000000e+02,7.223531007766721412e-01,7.228385210037230335e-01,3.080614209175109863e-01,3.085094988346099854e-01,4.142923653125761274e-01,4.143277406692504883e-01
2.380000000000000000e+02,7.222664356231689453e-01,7.226577401161191627e-01,3.079941570758820135e-01,3.084340989589691162e-01,4.142718613147737261e-01,4.142238199710844837e-01
2.390000000000000000e+02,7.221445441246030494e-01,7.226846218109129749e-01,3.079418838024139404e-01,3.084453642368317206e-01,4.142025113105772816e-01,4.142391681671143133e-01
2.400000000000000000e+02,7.209754586219787598e-01,7.225246429443359375e-01,3.069675862789154053e-01,3.083697557449340820e-01,4.140063226222991943e-01,4.141559600830078680e-01
2.410000000000000000e+02,7.209416627883910023e-01,7.226138114929198109e-01,3.071449995040893555e-01,3.083946108818054199e-01,4.137967228889464777e-01,4.142200648784636896e-01
2.420000000000000000e+02,7.241674065589902565e-01,7.225657105445861816e-01,3.089492619037628174e-01,3.083731532096862238e-01,4.152186810970305286e-01,4.141957163810729425e-01
2.430000000000000000e+02,7.234900593757629395e-01,7.225665450096129261e-01,3.091794252395629328e-01,3.083638250827789307e-01,4.143102169036864679e-01,4.142104983329772949e-01
2.440000000000000000e+02,7.211475372314452015e-01,7.225359678268431507e-01,3.076481521129607599e-01,3.083670437335968018e-01,4.134985506534575861e-01,4.141719341278076172e-01
2.450000000000000000e+02,7.225008606910705566e-01,7.225658297538757324e-01,3.079269528388976496e-01,3.083622157573699951e-01,4.145740866661071777e-01,4.142094552516937256e-01
2.460000000000000000e+02,7.203760743141174316e-01,7.226369380950925514e-01,3.069422841072082520e-01,3.084288239479064941e-01,4.134321212768554132e-01,4.142105281352996826e-01
2.470000000000000000e+02,7.209470868110656738e-01,7.225039601325988770e-01,3.069522976875305176e-01,3.083602190017700195e-01,4.139947891235351562e-01,4.141473174095153809e-01
2.480000000000000000e+02,7.209259271621704102e-01,7.225988507270812988e-01,3.071362972259521484e-01,3.083880841732025146e-01,4.137905836105346680e-01,4.142144918441772461e-01
2.490000000000000000e+02,7.241519093513488770e-01,7.225516438484191895e-01,3.089407980442047119e-01,3.083645105361938477e-01,4.152125120162963867e-01,4.141885936260223389e-01
2.500000000000000000e+02,7.234717011451721191e-01,7.225599884986877441e-01,3.091716170310974121e-01,3.083589375019073486e-01,4.143004715442657471e-01,4.142062962055206299e-01
2.510000000000000000e+02,7.211352586746215820e-01,7.225233912467956543e-01,3.076423108577728271e-01,3.083617687225341797e-01,4.134923517704010010e-01,4.141663908958435059e-01
2.520000000000000000e+02,7.224855422973632812e-01,7.225578427314758301e-01,3.079203069210052490e-01,3.083587586879730225e-01,4.145653843879699707e-01,4.142026305198669434e-01
